{
  "aois": [
    {
      "id": "al_wathba",
      "slug": "al_wathba_wetland",
      "bbox": [-0.124, 51.5, -0.12, 51.503],
      "before_date": "2024-01-12",
      "after_date": "2024-03-15",
      "raw_dir": "data/raw/satellite/verdantis_satellite_exports"
    },
    {
      "id": "mbr_solar_park",
      "slug": "mohammed_bin_rashid_al_maktoum_solar_park",
      "bbox": [55.2, 25.0, 55.5, 25.3],
      "before_date": "2024-02-10",
      "after_date": "2024-05-25",
      "raw_dir": "data/raw/satellite/verdantis_satellite_exports"
    },
    {
      "id": "mangrove_np",
      "slug": "mangrove_national_park",
      "bbox": [54.4, 24.3, 54.6, 24.6],
      "before_date": "2024-02-10",
      "after_date": "2024-05-25",
      "raw_dir": "data/raw/satellite/verdantis_satellite_exports"
    }
  ]
}
