{
  "$schema": "https://json-schema.org/draft/2020-12/schema",
  "title": "Verdantis Policy Registry Entry",
  "type": "object",
  "additionalProperties": false,
  "required": [
    "id",
    "version",
    "status",
    "file",
    "checksum_sha256"
  ],
  "properties": {
    "id": {
      "type": "string"
    },
    "version": {
      "type": "integer",
      "minimum": 1
    },
    "status": {
      "type": "string",
      "enum": [
        "proposed",
        "active",
        "deprecated"
      ]
    },
    "file": {
      "type": "string"
    },
    "checksum_sha256": {
      "type": "string"
    },
    "activated_at": {
      "type": "string",
      "format": "date-time"
    },
    "retired_at": {
      "type": "string",
      "format": "date-time"
    },
    "notes": {
      "type": "string"
    }
  }
}