{
  "$schema": "https://json-schema.org/draft/2020-12/schema",
  "title": "Verdantis Policy Rule",
  "type": "object",
  "additionalProperties": false,
  "required": [
    "meta",
    "severity",
    "scope",
    "trigger",
    "conditions",
    "actions"
  ],
  "properties": {
    "meta": {
      "type": "object",
      "additionalProperties": false,
      "required": [
        "id",
        "version",
        "status",
        "owner"
      ],
      "properties": {
        "id": {
          "type": "string",
          "minLength": 3
        },
        "version": {
          "type": "integer",
          "minimum": 1
        },
        "status": {
          "type": "string",
          "enum": [
            "proposed",
            "active",
            "deprecated"
          ]
        },
        "owner": {
          "type": "string",
          "minLength": 1
        },
        "created_at": {
          "type": "string",
          "format": "date-time"
        },
        "updated_at": {
          "type": "string",
          "format": "date-time"
        },
        "description": {
          "type": "string"
        }
      }
    },
    "severity": {
      "type": "string",
      "enum": [
        "info",
        "low",
        "medium",
        "high",
        "critical"
      ]
    },
    "scope": {
      "type": "object",
      "additionalProperties": true,
      "properties": {
        "assets": {
          "type": "array",
          "items": {
            "type": "string"
          }
        },
        "tags": {
          "type": "array",
          "items": {
            "type": "string"
          }
        },
        "region": {
          "type": "string"
        }
      }
    },
    "trigger": {
      "type": "object",
      "additionalProperties": false,
      "required": [
        "type"
      ],
      "properties": {
        "type": {
          "type": "string",
          "enum": [
            "event",
            "schedule"
          ]
        },
        "match": {
          "type": "object"
        },
        "cron": {
          "type": "string"
        }
      }
    },
    "conditions": {
      "type": "object",
      "additionalProperties": false,
      "required": [
        "aggregator",
        "clauses"
      ],
      "properties": {
        "aggregator": {
          "type": "string",
          "enum": [
            "all",
            "any"
          ]
        },
        "clauses": {
          "type": "array",
          "minItems": 1,
          "items": {
            "type": "object",
            "additionalProperties": false,
            "required": [
              "path",
              "op"
            ],
            "properties": {
              "path": {
                "type": "string"
              },
              "op": {
                "type": "string",
                "enum": [
                  "eq",
                  "neq",
                  "gt",
                  "gte",
                  "lt",
                  "lte",
                  "in",
                  "regex",
                  "exists"
                ]
              },
              "value": {}
            }
          }
        }
      }
    },
    "actions": {
      "type": "array",
      "minItems": 1,
      "items": {
        "type": "object",
        "additionalProperties": false,
        "required": [
          "type"
        ],
        "properties": {
          "type": {
            "type": "string",
            "enum": [
              "flag",
              "notify",
              "score_adjust",
              "open_case",
              "webhook"
            ]
          },
          "params": {
            "type": "object"
          }
        }
      }
    }
  }
}